{"cameraMode":{"drawMode":0,"name":"Shaded","section":"Shading Mode"},"sceneLighting":true,"audioPlay":false,"sceneViewState":{"m_AlwaysRefresh":false,"showFog":true,"showSkybox":true,"showFlares":true,"showImageEffects":true,"showParticleSystems":true,"showVisualEffectGraphs":true,"m_FxEnabled":true},"in2DMode":false,"pivot":{"x":15.311381340026856,"y":14.851888656616211,"z":15.126468658447266},"rotation":{"x":0.05334353819489479,"y":-0.03922465816140175,"z":0.002103891223669052,"w":0.9978266358375549},"size":12.12435531616211,"orthographic":false}